Nível Escolaridade,registros,percentual
2º GRAU COMPLETO OU TEC. PROFISSIONAL,159537,32.8652
2º GRAU INCOMPLETO,142014,29.2554
1º GRAU INCOMP. 5ª A 8ª SÉRIE INCOMP.,68132,14.0354
1º GRAU COMPLETO ATÉ 8ª SÉRIE COMP.,36524,7.5241
SUPERIOR INCOMPLETO,24764,5.1015
SUPERIOR COMPL. OU HABILIT. LEGAL EQUIV.,19087,3.932
1º GRAU INCOMP. ATÉ A 4ª SÉRIE INCOMP.,12763,2.6292
1º GRAU INCOMPLETO ATÉ A 4ª SÉRIE COMP.,10512,2.1655
ANALFABETO,5167,1.0644
ALFABETIZADO SEM CURSOS REGULARES,4122,0.8491
POS GRADUACAO,1631,0.336
ESPECIALIZACAO,417,0.0859
MESTRADO,336,0.0692
SEMIANALFABETO,228,0.047
DOUTORADO,132,0.0272
APERFEICOAMENTO,53,0.0109
POS DOCTOR,7,0.0014
LIVRE DOCENCIA,2,0.0004
PHD,1,0.0002
